what,kind,bundleId,bundleVersion,description,time
stopped,bundle,org.eclipse.pde.ui.templates,3.4.200.v20100601,"org.eclipse.pde.ui.templates",1351853338520
stopped,bundle,org.eclipse.pde.ui,3.6.0.v20100601,"org.eclipse.pde.ui",1351853338547
stopped,bundle,org.eclipse.ant.ui,3.5.0.v20100427,"org.eclipse.ant.ui",1351853338581
stopped,bundle,org.eclipse.ant.launching,1.0.0.v20100427,"org.eclipse.ant.launching",1351853338609
stopped,bundle,org.eclipse.equinox.p2.ui.sdk,1.0.100.v20100513,"org.eclipse.equinox.p2.ui.sdk",1351853338632
stopped,bundle,org.eclipse.jst.server.tomcat.ui,1.1.200.v20100418,"org.eclipse.jst.server.tomcat.ui",1351853338658
stopped,bundle,org.eclipse.jst.server.ui,1.1.100.v20100511,"org.eclipse.jst.server.ui",1351853338681
activated,perspective,org.eclipse.jst.j2ee.ui,,"org.eclipse.jst.j2ee.J2EEPerspective",1351853411949
started,bundle,org.eclipse.osgi,3.6.0.v20100517,"org.eclipse.osgi",1351853411954
started,bundle,org.eclipse.equinox.simpleconfigurator,1.0.200.v20100503,"org.eclipse.equinox.simpleconfigurator",1351853411962
started,bundle,com.ibm.icu,4.2.1.v20100412,"com.ibm.icu",1351853411963
started,bundle,org.eclipse.core.contenttype,3.4.100.v20100505-1235,"org.eclipse.core.contenttype",1351853411964
started,bundle,org.eclipse.core.databinding.observable,1.3.0.I20100601-0800,"org.eclipse.core.databinding.observable",1351853411970
started,bundle,org.eclipse.core.expressions,3.4.200.v20100505,"org.eclipse.core.expressions",1351853411982
started,bundle,org.eclipse.core.filebuffers,3.5.100.v20100520-0800,"org.eclipse.core.filebuffers",1351853411982
started,bundle,org.eclipse.core.filesystem,1.3.0.v20100526-0737,"org.eclipse.core.filesystem",1351853411998
started,bundle,org.eclipse.core.jobs,3.5.0.v20100515,"org.eclipse.core.jobs",1351853411998
started,bundle,org.eclipse.core.net,1.2.100.I20100511-0800,"org.eclipse.core.net",1351853412022
started,bundle,org.eclipse.core.resources,3.6.0.v20100526-0737,"org.eclipse.core.resources",1351853412023
started,bundle,org.eclipse.core.runtime,3.6.0.v20100505,"org.eclipse.core.runtime",1351853412024
started,bundle,org.eclipse.core.runtime.compatibility,3.2.100.v20100505,"org.eclipse.core.runtime.compatibility",1351853412026
started,bundle,org.eclipse.core.runtime.compatibility.auth,3.2.200.v20100517,"org.eclipse.core.runtime.compatibility.auth",1351853412029
started,bundle,org.eclipse.emf.common,2.6.0.v20100614-1136,"org.eclipse.emf.common",1351853412046
started,bundle,org.eclipse.emf.common.ui,2.6.0.v20100614-1136,"org.eclipse.emf.common.ui",1351853412049
started,bundle,org.eclipse.emf.ecore,2.6.0.v20100614-1136,"org.eclipse.emf.ecore",1351853412067
started,bundle,org.eclipse.emf.ecore.xmi,2.5.0.v20100521-1846,"org.eclipse.emf.ecore.xmi",1351853412082
started,bundle,org.eclipse.emf.edit,2.6.0.v20100614-1136,"org.eclipse.emf.edit",1351853412083
started,bundle,org.eclipse.emf.edit.ui,2.6.0.v20100614-1136,"org.eclipse.emf.edit.ui",1351853412087
started,bundle,org.eclipse.epp.usagedata.gathering,1.3.0.R201005261100,"org.eclipse.epp.usagedata.gathering",1351853412087
started,bundle,org.eclipse.epp.usagedata.recording,1.3.0.R201005261100,"org.eclipse.epp.usagedata.recording",1351853412088
started,bundle,org.eclipse.equinox.app,1.3.0.v20100512,"org.eclipse.equinox.app",1351853412088
started,bundle,org.eclipse.equinox.common,3.6.0.v20100503,"org.eclipse.equinox.common",1351853412102
started,bundle,org.eclipse.equinox.ds,1.2.0.v20100507,"org.eclipse.equinox.ds",1351853412104
started,bundle,org.eclipse.equinox.event,1.2.0.v20100503,"org.eclipse.equinox.event",1351853412110
started,bundle,org.eclipse.equinox.p2.core,2.0.0.v20100510,"org.eclipse.equinox.p2.core",1351853412111
started,bundle,org.eclipse.equinox.p2.directorywatcher,1.0.200.v20100601,"org.eclipse.equinox.p2.directorywatcher",1351853412112
started,bundle,org.eclipse.equinox.p2.engine,2.0.0.v20100606,"org.eclipse.equinox.p2.engine",1351853412113
started,bundle,org.eclipse.equinox.p2.metadata,2.0.0.v20100601,"org.eclipse.equinox.p2.metadata",1351853412114
started,bundle,org.eclipse.equinox.p2.metadata.repository,1.1.0.v20100513,"org.eclipse.equinox.p2.metadata.repository",1351853412129
started,bundle,org.eclipse.equinox.p2.operations,2.0.0.v20100510,"org.eclipse.equinox.p2.operations",1351853412130
started,bundle,org.eclipse.equinox.p2.reconciler.dropins,1.1.0.v20100525,"org.eclipse.equinox.p2.reconciler.dropins",1351853412138
started,bundle,org.eclipse.equinox.p2.repository,2.0.0.v20100519,"org.eclipse.equinox.p2.repository",1351853412139
started,bundle,org.eclipse.equinox.p2.ui.sdk.scheduler,1.0.0.v20100507-1815,"org.eclipse.equinox.p2.ui.sdk.scheduler",1351853412145
started,bundle,org.eclipse.equinox.p2.updatechecker,1.1.100.v20100503a,"org.eclipse.equinox.p2.updatechecker",1351853412146
started,bundle,org.eclipse.equinox.preferences,3.3.0.v20100503,"org.eclipse.equinox.preferences",1351853412151
started,bundle,org.eclipse.equinox.registry,3.5.0.v20100503,"org.eclipse.equinox.registry",1351853412151
started,bundle,org.eclipse.equinox.security,1.0.200.v20100503,"org.eclipse.equinox.security",1351853412197
started,bundle,org.eclipse.equinox.util,1.0.200.v20100503,"org.eclipse.equinox.util",1351853412198
started,bundle,org.eclipse.help,3.5.0.v20100524,"org.eclipse.help",1351853412204
started,bundle,org.eclipse.jdt.core,3.6.0.v_A58,"org.eclipse.jdt.core",1351853412211
started,bundle,org.eclipse.jdt.core.manipulation,1.3.0.v20100520-0800,"org.eclipse.jdt.core.manipulation",1351853412212
started,bundle,org.eclipse.jdt.ui,3.6.0.v20100602-1600,"org.eclipse.jdt.ui",1351853412223
started,bundle,org.eclipse.jem.util,2.1.0.v201005130500,"org.eclipse.jem.util",1351853412234
started,bundle,org.eclipse.jface,3.6.0.I20100601-0800,"org.eclipse.jface",1351853412235
started,bundle,org.eclipse.jsch.core,1.1.200.I20100505-1245,"org.eclipse.jsch.core",1351853412235
started,bundle,org.eclipse.jst.j2ee.webservice,1.1.400.v201004110600,"org.eclipse.jst.j2ee.webservice",1351853412240
started,bundle,org.eclipse.jst.j2ee.webservice.ui,1.1.400.v201004110600,"org.eclipse.jst.j2ee.webservice.ui",1351853412246
started,bundle,org.eclipse.jst.ws.jaxws.utils,1.0.0.v201004171919,"org.eclipse.jst.ws.jaxws.utils",1351853412247
started,bundle,org.eclipse.mylyn.bugzilla.core,3.4.0.v20100608-0100-e3x,"org.eclipse.mylyn.bugzilla.core",1351853412254
started,bundle,org.eclipse.mylyn.bugzilla.ui,3.4.0.v20100608-0100-e3x,"org.eclipse.mylyn.bugzilla.ui",1351853412272
started,bundle,org.eclipse.mylyn.commons.net,3.4.0.v20100608-0100-e3x,"org.eclipse.mylyn.commons.net",1351853412277
started,bundle,org.eclipse.mylyn.commons.ui,3.4.0.v20100608-0100-e3x,"org.eclipse.mylyn.commons.ui",1351853412282
started,bundle,org.eclipse.mylyn.context.core,3.4.0.v20100608-0100-e3x,"org.eclipse.mylyn.context.core",1351853412286
started,bundle,org.eclipse.mylyn.context.ui,3.4.0.v20100608-0100-e3x,"org.eclipse.mylyn.context.ui",1351853412294
started,bundle,org.eclipse.mylyn.monitor.ui,3.4.0.v20100608-0100-e3x,"org.eclipse.mylyn.monitor.ui",1351853412295
started,bundle,org.eclipse.team.core,3.5.100.I20100527-0800,"org.eclipse.team.core",1351853412296
started,bundle,org.eclipse.team.ui,3.5.100.I20100527-0800,"org.eclipse.team.ui",1351853412301
started,bundle,org.eclipse.ui,3.6.0.I20100603-1100,"org.eclipse.ui",1351853412310
started,bundle,org.eclipse.ui.editors,3.6.0.v20100520-0800,"org.eclipse.ui.editors",1351853412311
started,bundle,org.eclipse.ui.forms,3.5.0.v20100427,"org.eclipse.ui.forms",1351853412312
started,bundle,org.eclipse.ui.ide,3.6.0.I20100601-0800,"org.eclipse.ui.ide",1351853412318
started,bundle,org.eclipse.ui.navigator,3.5.0.I20100601-0800,"org.eclipse.ui.navigator",1351853412319
started,bundle,org.eclipse.ui.navigator.resources,3.4.200.I20100601-0800,"org.eclipse.ui.navigator.resources",1351853412320
started,bundle,org.eclipse.ui.net,1.2.100.I20100505-1245,"org.eclipse.ui.net",1351853412320
started,bundle,org.eclipse.ui.views,3.5.0.I20100527-0800,"org.eclipse.ui.views",1351853412330
started,bundle,org.eclipse.ui.workbench,3.6.0.I20100603-1100,"org.eclipse.ui.workbench",1351853412337
started,bundle,org.eclipse.ui.workbench.texteditor,3.6.0.v20100520-0800,"org.eclipse.ui.workbench.texteditor",1351853412339
started,bundle,org.eclipse.wst.common.emf,1.2.0.v201005200700,"org.eclipse.wst.common.emf",1351853412342
started,bundle,org.eclipse.wst.common.emfworkbench.integration,1.2.0.v201004110600,"org.eclipse.wst.common.emfworkbench.integration",1351853412350
started,bundle,org.eclipse.wst.common.frameworks,1.2.0.v201003040800,"org.eclipse.wst.common.frameworks",1351853412352
started,bundle,org.eclipse.wst.common.project.facet.core,1.4.100.v201005190114,"org.eclipse.wst.common.project.facet.core",1351853412358
started,bundle,org.eclipse.wst.jsdt.core,1.1.0.v201006030738,"org.eclipse.wst.jsdt.core",1351853412359
started,bundle,org.eclipse.wst.jsdt.manipulation,1.0.200.v201004150600,"org.eclipse.wst.jsdt.manipulation",1351853412362
started,bundle,org.eclipse.wst.jsdt.ui,1.1.0.v201005200157,"org.eclipse.wst.jsdt.ui",1351853412370
started,bundle,org.eclipse.wst.web,1.1.400.v201005270700,"org.eclipse.wst.web",1351853412378
started,bundle,org.eclipse.egit.core,2.1.0.201209190230-r,"org.eclipse.egit.core",1351853412379
started,bundle,org.eclipse.egit.ui,2.1.0.201209190230-r,"org.eclipse.egit.ui",1351853412383
started,bundle,org.eclipse.jgit,2.1.0.201209190230-r,"org.eclipse.jgit",1351853412384
os,sysinfo,,,"linux",1351853412407
arch,sysinfo,,,"x86",1351853412407
ws,sysinfo,,,"gtk",1351853412407
locale,sysinfo,,,"uk_UA",1351853412407
processors,sysinfo,,,"1",1351853412407
java.runtime.name,sysinfo,,,"Java(TM) SE Runtime Environment",1351853412407
java.runtime.version,sysinfo,,,"1.6.0_23-b05",1351853412407
java.specification.name,sysinfo,,,"Java Platform API Specification",1351853412407
java.specification.vendor,sysinfo,,,"Sun Microsystems Inc.",1351853412407
java.specification.version,sysinfo,,,"1.6",1351853412407
java.vendor,sysinfo,,,"Sun Microsystems Inc.",1351853412408
java.version,sysinfo,,,"1.6.0_23",1351853412408
java.vm.info,sysinfo,,,"mixed mode, sharing",1351853412408
java.vm.name,sysinfo,,,"Java HotSpot(TM) Client VM",1351853412408
java.vm.specification.name,sysinfo,,,"Java Virtual Machine Specification",1351853412408
java.vm.specification.vendor,sysinfo,,,"Sun Microsystems Inc.",1351853412408
java.vm.specification.version,sysinfo,,,"1.0",1351853412408
java.vm.vendor,sysinfo,,,"Sun Microsystems Inc.",1351853412408
java.vm.version,sysinfo,,,"19.0-b09",1351853412408
started,bundle,org.eclipse.mylyn.tasks.ui,3.4.0.v20100608-0100-e3x,"org.eclipse.mylyn.tasks.ui",1351853412548
started,bundle,org.eclipse.mylyn.team.ui,3.4.0.v20100608-0100-e3x,"org.eclipse.mylyn.team.ui",1351853412586
started,bundle,org.eclipse.update.scheduler,3.2.300.v20100512,"org.eclipse.update.scheduler",1351853412605
started,bundle,org.eclipse.update.configurator,3.3.100.v20100512,"org.eclipse.update.configurator",1351853413256
started,bundle,org.eclipse.update.core,3.2.400.v20100512,"org.eclipse.update.core",1351853413286
started,bundle,org.eclipse.team.cvs.core,3.3.300.I20100526-0800,"org.eclipse.team.cvs.core",1351853413569
started,bundle,org.eclipse.ui.console,3.5.0.v20100526,"org.eclipse.ui.console",1351853413613
started,bundle,org.eclipse.team.cvs.ui,3.3.300.I20100526-0800,"org.eclipse.team.cvs.ui",1351853413727
executed,command,org.eclipse.ui,3.6.0.I20100603-1100,"org.eclipse.ui.navigate.linkWithEditor",1351853414738
executed,command,org.eclipse.ui,3.6.0.I20100603-1100,"org.eclipse.ui.navigate.linkWithEditor",1351853416279
executed,command,org.eclipse.ui,3.6.0.I20100603-1100,"org.eclipse.ui.navigate.collapseAll",1351853419109
deactivated,workbench,org.eclipse.ui.workbench,3.6.0.I20100603-1100,"",1351853429507
started,bundle,org.eclipse.debug.core,3.6.0.v20100519,"org.eclipse.debug.core",1351853468709
started,bundle,org.eclipse.jdt.launching,3.5.100.v20100526,"org.eclipse.jdt.launching",1351853468970
executed,command,org.eclipse.ui,3.6.0.I20100603-1100,"org.eclipse.ui.file.import",1351853469316
started,bundle,org.eclipse.pde.core,3.6.0.v20100601,"org.eclipse.pde.core",1351853469476
activated,workbench,org.eclipse.ui.workbench,3.6.0.I20100603-1100,"",1351853469585
started,bundle,org.eclipse.jdt.junit.core,3.6.0.v20100526-0800,"org.eclipse.jdt.junit.core",1351853471935
started,bundle,org.eclipse.equinox.simpleconfigurator.manipulator,2.0.0.v20100503,"org.eclipse.equinox.simpleconfigurator.manipulator",1351853471962
started,bundle,org.eclipse.equinox.frameworkadmin,2.0.0.v20100503,"org.eclipse.equinox.frameworkadmin",1351853471972
started,bundle,org.eclipse.jst.common.frameworks,1.1.400.v201005130500,"org.eclipse.jst.common.frameworks",1351853472527
started,bundle,org.eclipse.wst.common.core,1.2.0.v200908252030,"org.eclipse.wst.common.core",1351853472616
started,bundle,org.eclipse.wst.common.modulecore,1.2.0.v201005200200,"org.eclipse.wst.common.modulecore",1351853472652
started,bundle,org.eclipse.jst.j2ee.web,1.1.400.v201005270700,"org.eclipse.jst.j2ee.web",1351853472665
started,bundle,org.eclipse.jst.common.project.facet.core,1.4.100.v201004202202,"org.eclipse.jst.common.project.facet.core",1351853473001
started,bundle,org.eclipse.jst.ws.jaxrs.core,1.0.0.v201005191955,"org.eclipse.jst.ws.jaxrs.core",1351853473087
started,bundle,org.eclipse.jst.j2ee.core,1.2.0.v201005200200,"org.eclipse.jst.j2ee.core",1351853473192
started,bundle,org.eclipse.jem,2.0.400.v201005110200,"org.eclipse.jem",1351853473272
started,bundle,org.eclipse.wst.common.frameworks.ui,1.2.0.v201004080500,"org.eclipse.wst.common.frameworks.ui",1351853473510
started,bundle,org.eclipse.wst.xml.core,1.1.500.v201005271618,"org.eclipse.wst.xml.core",1351853473554
started,bundle,org.eclipse.wst.validation,1.2.200.v201005271900,"org.eclipse.wst.validation",1351853473566
started,bundle,org.eclipse.jst.j2ee,1.1.400.v201005271900,"org.eclipse.jst.j2ee",1351853473655
started,bundle,org.eclipse.wst.server.core,1.1.202.v20100518,"org.eclipse.wst.server.core",1351853473784
started,bundle,org.eclipse.jst.server.core,1.2.101.v20100421,"org.eclipse.jst.server.core",1351853473839
started,bundle,org.eclipse.wst.server.ui,1.1.203.v20100601,"org.eclipse.wst.server.ui",1351853474016
started,bundle,org.eclipse.jst.jee.ui,1.0.300.v201005191301,"org.eclipse.jst.jee.ui",1351853474341
started,bundle,org.eclipse.jst.j2ee.ui,1.1.400.v201006030400,"org.eclipse.jst.j2ee.ui",1351853474362
started,bundle,org.eclipse.jst.j2ee.navigator.ui,1.1.400.v201004280900,"org.eclipse.jst.j2ee.navigator.ui",1351853474393
started,bundle,org.eclipse.jst.servlet.ui,1.1.400.v201005272100,"org.eclipse.jst.servlet.ui",1351853481776
started,bundle,org.eclipse.jpt.core,2.3.0.v201006020000,"org.eclipse.jpt.core",1351853483001
started,bundle,org.eclipse.wst.sse.core,1.1.500.v201006020308,"org.eclipse.wst.sse.core",1351853483546
started,bundle,org.eclipse.jst.jee,1.0.300.v201005191301,"org.eclipse.jst.jee",1351853487303
started,bundle,org.eclipse.jst.ws.jaxws.dom.integration,1.0.0.v201004171919,"org.eclipse.jst.ws.jaxws.dom.integration",1351853488536
started,bundle,org.eclipse.jst.ws.jaxws.dom.ui,1.0.0.v201004171919,"org.eclipse.jst.ws.jaxws.dom.ui",1351853488725
started,bundle,org.eclipse.jem.workbench,2.0.300.v200910290230,"org.eclipse.jem.workbench",1351853491432
started,bundle,org.eclipse.wst.common.ui,1.1.500.v200911190730,"org.eclipse.wst.common.ui",1351853494179
started,bundle,org.eclipse.jdt.apt.core,3.3.400.v20100513-0845,"org.eclipse.jdt.apt.core",1351853494563
started,bundle,org.eclipse.jdt.apt.pluggable.core,1.0.300.v20100513-0845,"org.eclipse.jdt.apt.pluggable.core",1351853494640
started,bundle,org.eclipse.wst.dtd.core,1.1.400.v201004290328,"org.eclipse.wst.dtd.core",1351853502182
started,bundle,org.eclipse.wst.sse.ui,1.2.0.v201006030742,"org.eclipse.wst.sse.ui",1351853502339
started,bundle,org.eclipse.wst.html.ui,1.0.500.v201006030742,"org.eclipse.wst.html.ui",1351853502434
started,bundle,org.eclipse.jst.jsf.common,1.2.0.v20100604,"org.eclipse.jst.jsf.common",1351853502674
started,bundle,org.eclipse.jst.jsf.core,1.3.0.v20100602,"org.eclipse.jst.jsf.core",1351853502791
started,bundle,org.eclipse.jst.jsp.core,1.2.300.v201005271731,"org.eclipse.jst.jsp.core",1351853503381
started,bundle,org.eclipse.wst.wsdl.validation,1.1.501.v201004201506,"org.eclipse.wst.wsdl.validation",1351853504990
started,bundle,org.eclipse.wst.xsd.core,1.1.501.v201004110600,"org.eclipse.wst.xsd.core",1351853505071
started,bundle,org.eclipse.wst.xsl.core,1.1.0.v201004290328,"org.eclipse.wst.xsl.core",1351853505316
started,bundle,org.eclipse.wst.html.core,1.1.400.v201005261534,"org.eclipse.wst.html.core",1351853506778
activated,view,org.eclipse.ui.ide,3.6.0.I20100601-0800,"org.eclipse.ui.views.AllMarkersView",1351853508805
started,bundle,org.eclipse.wst.common.uriresolver,1.1.401.v201004280700,"org.eclipse.wst.common.uriresolver",1351853509849
started,bundle,org.eclipse.wst.css.core,1.1.400.v201005261534,"org.eclipse.wst.css.core",1351853510470
started,bundle,org.eclipse.wst.xsl.exslt.core,1.0.0.v201005240426,"org.eclipse.wst.xsl.exslt.core",1351853512162
started,bundle,org.eclipse.wst.internet.cache,1.0.400.v201004280700,"org.eclipse.wst.internet.cache",1351853513710
activated,view,org.eclipse.ui.navigator.resources,3.4.200.I20100601-0800,"org.eclipse.ui.navigator.ProjectExplorer",1351853522363
started,bundle,org.eclipse.jst.j2ee.ejb,1.1.400.v201005270700,"org.eclipse.jst.j2ee.ejb",1351853542224
started,bundle,org.eclipse.jst.j2ee.jca,1.1.400.v201005270700,"org.eclipse.jst.j2ee.jca",1351853542269
started,bundle,org.eclipse.jst.jee.ejb,1.0.300.v201004191420,"org.eclipse.jst.jee.ejb",1351853542391
started,bundle,org.eclipse.jst.jee.web,1.0.300.v201004280739,"org.eclipse.jst.jee.web",1351853542438
started,bundle,org.eclipse.xsd,2.6.0.v20100614-1136,"org.eclipse.xsd",1351853542889
error,log,,,"Unhandled event loop exception",1351853546831
started,bundle,org.eclipse.wst.ws.service.policy.ui,1.0.202.v201004211732,"org.eclipse.wst.ws.service.policy.ui",1351853548493
started,bundle,org.eclipse.wst.ws.service.policy,1.0.203.v201004211732,"org.eclipse.wst.ws.service.policy",1351853548521
started,bundle,org.eclipse.wst.command.env,1.0.409.v201004211805,"org.eclipse.wst.command.env",1351853548646
started,bundle,org.eclipse.wst.ws,1.1.203.v201004211805,"org.eclipse.wst.ws",1351853548651
started,bundle,org.eclipse.compare,3.5.100.I20100526-0800,"org.eclipse.compare",1351853548974
activated,view,org.eclipse.ui.ide,3.6.0.I20100601-0800,"org.eclipse.ui.views.AllMarkersView",1351853556488
activated,view,org.eclipse.ui.navigator.resources,3.4.200.I20100601-0800,"org.eclipse.ui.navigator.ProjectExplorer",1351853587691
started,bundle,org.eclipse.ltk.core.refactoring,3.5.100.v20100526-0800,"org.eclipse.ltk.core.refactoring",1351853587760
activated,view,org.eclipse.ui.ide,3.6.0.I20100601-0800,"org.eclipse.ui.views.AllMarkersView",1351853609199
opened,view,org.eclipse.ui.views,3.5.0.I20100527-0800,"org.eclipse.ui.views.PropertySheet",1351853614568
activated,view,org.eclipse.ui.views,3.5.0.I20100527-0800,"org.eclipse.ui.views.PropertySheet",1351853614599
activated,view,org.eclipse.ui.ide,3.6.0.I20100601-0800,"org.eclipse.ui.views.AllMarkersView",1351853615633
started,bundle,org.eclipse.jdt.junit,3.6.0.v20100526-0800,"org.eclipse.jdt.junit",1351853631723
activated,view,org.eclipse.ui.navigator.resources,3.4.200.I20100601-0800,"org.eclipse.ui.navigator.ProjectExplorer",1351853675147
started,bundle,org.eclipse.ui.views.properties.tabbed,3.5.100.I20100509-0800,"org.eclipse.ui.views.properties.tabbed",1351853675226
started,bundle,org.eclipse.debug.ui,3.6.0.v20100601-1530,"org.eclipse.debug.ui",1351853688210
deactivated,workbench,org.eclipse.ui.workbench,3.6.0.I20100603-1100,"",1351853692020
executed,command,org.eclipse.ui,3.6.0.I20100603-1100,"org.eclipse.ui.file.properties",1351853742788
activated,workbench,org.eclipse.ui.workbench,3.6.0.I20100603-1100,"",1351853742932
deactivated,workbench,org.eclipse.ui.workbench,3.6.0.I20100603-1100,"",1351853744224
activated,workbench,org.eclipse.ui.workbench,3.6.0.I20100603-1100,"",1351853745472
executed,command,org.eclipse.ui,3.6.0.I20100603-1100,"org.eclipse.ui.file.refresh",1351853754541
deactivated,workbench,org.eclipse.ui.workbench,3.6.0.I20100603-1100,"",1351853759690
activated,workbench,org.eclipse.ui.workbench,3.6.0.I20100603-1100,"",1351853874165
deactivated,workbench,org.eclipse.ui.workbench,3.6.0.I20100603-1100,"",1351853878321
activated,workbench,org.eclipse.ui.workbench,3.6.0.I20100603-1100,"",1351853893375
deactivated,workbench,org.eclipse.ui.workbench,3.6.0.I20100603-1100,"",1351853893408
activated,workbench,org.eclipse.ui.workbench,3.6.0.I20100603-1100,"",1351853932478
deactivated,workbench,org.eclipse.ui.workbench,3.6.0.I20100603-1100,"",1351853938055
started,bundle,org.eclipse.ltk.ui.refactoring,3.5.0.v20100526-0800,"org.eclipse.ltk.ui.refactoring",1351853959512
activated,workbench,org.eclipse.ui.workbench,3.6.0.I20100603-1100,"",1351854273497
activated,view,org.eclipse.ui.ide,3.6.0.I20100601-0800,"org.eclipse.ui.views.AllMarkersView",1351854288111
closed,workbench,org.eclipse.ui.workbench,3.6.0.I20100603-1100,"",1351854301967
stopped,bundle,org.eclipse.jst.j2ee.xdoclet.runtime,1.1.300.v201004280700,"org.eclipse.jst.j2ee.xdoclet.runtime",1351854304806
stopped,bundle,org.eclipse.jst.j2ee.ejb.annotations.xdoclet,1.2.100.v201003112036,"org.eclipse.jst.j2ee.ejb.annotations.xdoclet",1351854304811
stopped,bundle,org.eclipse.jst.server.generic.jboss,1.6.1.v200904151730,"org.eclipse.jst.server.generic.jboss",1351854304819
stopped,bundle,org.eclipse.jst.server.generic.jonas,1.5.205.v200805140145,"org.eclipse.jst.server.generic.jonas",1351854304823
stopped,bundle,org.eclipse.jst.server.generic.oc4j,1.5.206.v20090812,"org.eclipse.jst.server.generic.oc4j",1351854304827
stopped,bundle,org.eclipse.jst.server.websphere.core,1.0.302.v20080620,"org.eclipse.jst.server.websphere.core",1351854304834
stopped,bundle,org.eclipse.jst.server.generic.ui,1.0.505.v20100428,"org.eclipse.jst.server.generic.ui",1351854304837
stopped,bundle,org.eclipse.jst.server.generic.core,1.0.606.v20100512,"org.eclipse.jst.server.generic.core",1351854304848
stopped,bundle,org.eclipse.mylyn.ide.ant,3.4.0.v20100608-0100-e3x,"org.eclipse.mylyn.ide.ant",1351854304855
stopped,bundle,org.eclipse.datatools.connectivity.oda.template.ui,3.2.1.v201004090942,"org.eclipse.datatools.connectivity.oda.template.ui",1351854304868
stopped,bundle,org.eclipse.pde.api.tools.ui,1.0.200.v20100601-1815,"org.eclipse.pde.api.tools.ui",1351854304872
stopped,bundle,org.eclipse.pde.ds.ui,1.0.100.v20100601,"org.eclipse.pde.ds.ui",1351854304878
stopped,bundle,org.eclipse.pde.runtime,3.4.200.v20100601,"org.eclipse.pde.runtime",1351854304885
stopped,bundle,org.eclipse.pde.ua.ui,1.0.100.v20100504,"org.eclipse.pde.ua.ui",1351854304893
stopped,bundle,org.eclipse.pde.ui.templates,3.4.200.v20100601,"org.eclipse.pde.ui.templates",1351854304910
stopped,bundle,org.eclipse.pde.ui,3.6.0.v20100601,"org.eclipse.pde.ui",1351854304918
stopped,bundle,org.eclipse.ant.ui,3.5.0.v20100427,"org.eclipse.ant.ui",1351854304928
stopped,bundle,org.eclipse.ant.launching,1.0.0.v20100427,"org.eclipse.ant.launching",1351854304937
stopped,bundle,org.eclipse.equinox.p2.ui.sdk,1.0.100.v20100513,"org.eclipse.equinox.p2.ui.sdk",1351854304944
stopped,bundle,org.eclipse.jst.server.tomcat.ui,1.1.200.v20100418,"org.eclipse.jst.server.tomcat.ui",1351854304949
stopped,bundle,org.eclipse.jst.server.ui,1.1.100.v20100511,"org.eclipse.jst.server.ui",1351854304958
stopped,bundle,org.eclipse.mylyn.java.tasks,3.4.0.v20100608-0100-e3x,"org.eclipse.mylyn.java.tasks",1351854304966
stopped,bundle,org.eclipse.mylyn.java.ui,3.4.0.v20100608-0100-e3x,"org.eclipse.mylyn.java.ui",1351854304978
stopped,bundle,org.eclipse.jdt.junit,3.6.0.v20100526-0800,"org.eclipse.jdt.junit",1351854304981
stopped,bundle,org.eclipse.jpt.eclipselink.ui,1.3.0.v201004280001,"org.eclipse.jpt.eclipselink.ui",1351854305187
stopped,bundle,org.eclipse.jpt.eclipselink.core,1.3.0.v201005250000,"org.eclipse.jpt.eclipselink.core",1351854305235
activated,perspective,org.eclipse.jst.j2ee.ui,,"org.eclipse.jst.j2ee.J2EEPerspective",1351854631588
started,bundle,org.eclipse.osgi,3.6.0.v20100517,"org.eclipse.osgi",1351854631606
started,bundle,org.eclipse.equinox.simpleconfigurator,1.0.200.v20100503,"org.eclipse.equinox.simpleconfigurator",1351854631608
started,bundle,com.ibm.icu,4.2.1.v20100412,"com.ibm.icu",1351854631608
started,bundle,org.eclipse.core.contenttype,3.4.100.v20100505-1235,"org.eclipse.core.contenttype",1351854631623
started,bundle,org.eclipse.core.databinding.observable,1.3.0.I20100601-0800,"org.eclipse.core.databinding.observable",1351854631625
started,bundle,org.eclipse.core.expressions,3.4.200.v20100505,"org.eclipse.core.expressions",1351854631626
started,bundle,org.eclipse.core.filebuffers,3.5.100.v20100520-0800,"org.eclipse.core.filebuffers",1351854631627
started,bundle,org.eclipse.core.filesystem,1.3.0.v20100526-0737,"org.eclipse.core.filesystem",1351854631644
started,bundle,org.eclipse.core.jobs,3.5.0.v20100515,"org.eclipse.core.jobs",1351854631644
started,bundle,org.eclipse.core.net,1.2.100.I20100511-0800,"org.eclipse.core.net",1351854631645
started,bundle,org.eclipse.core.resources,3.6.0.v20100526-0737,"org.eclipse.core.resources",1351854631646
started,bundle,org.eclipse.core.runtime,3.6.0.v20100505,"org.eclipse.core.runtime",1351854631666
started,bundle,org.eclipse.core.runtime.compatibility,3.2.100.v20100505,"org.eclipse.core.runtime.compatibility",1351854631668
started,bundle,org.eclipse.core.runtime.compatibility.auth,3.2.200.v20100517,"org.eclipse.core.runtime.compatibility.auth",1351854631672
started,bundle,org.eclipse.debug.core,3.6.0.v20100519,"org.eclipse.debug.core",1351854631686
started,bundle,org.eclipse.emf.common,2.6.0.v20100614-1136,"org.eclipse.emf.common",1351854631687
started,bundle,org.eclipse.emf.common.ui,2.6.0.v20100614-1136,"org.eclipse.emf.common.ui",1351854631691
started,bundle,org.eclipse.emf.ecore,2.6.0.v20100614-1136,"org.eclipse.emf.ecore",1351854631725
started,bundle,org.eclipse.emf.ecore.xmi,2.5.0.v20100521-1846,"org.eclipse.emf.ecore.xmi",1351854631733
started,bundle,org.eclipse.emf.edit,2.6.0.v20100614-1136,"org.eclipse.emf.edit",1351854631735
started,bundle,org.eclipse.emf.edit.ui,2.6.0.v20100614-1136,"org.eclipse.emf.edit.ui",1351854631736
started,bundle,org.eclipse.epp.usagedata.gathering,1.3.0.R201005261100,"org.eclipse.epp.usagedata.gathering",1351854631753
started,bundle,org.eclipse.epp.usagedata.recording,1.3.0.R201005261100,"org.eclipse.epp.usagedata.recording",1351854631754
started,bundle,org.eclipse.equinox.app,1.3.0.v20100512,"org.eclipse.equinox.app",1351854631754
